,Model,Score,Cross_Validation_score
1,LogisticRegression,0.9966777408637874,0.06442099478294128
2,SVC,0.9368770764119602,0.04882703806212319
3,KNeighbors,0.973421926910299,0.052318989196091764
4,DecisionTree,1.0,0.01627567935404108
5,RandomForest,1.0,0.021011811695470995
6,RandomForest2,1.0,0.01627567935404108
7,MLPClassifier,0.9169435215946844,0.07458453262672307
